<?xml version="1.0" encoding="utf-8"?>
<!DOCTYPE library PUBLIC "-//Boost//DTD BoostBook XML V1.0//EN"
  "http://www.boost.org/tools/boostbook/dtd/boostbook.dtd">
<section id="units.history" last-revision="$Date$">
  <title>History &amp; Compatibility Notes</title>

  <itemizedlist spacing="compact">
    <listitem>
      <para><bold>Version 1.yy.0</bold>: </para>
      <itemizedlist spacing="compact">
        <listitem><para>
First item here.
        </para></listitem>

        <listitem><para>
Second item here.
        </para></listitem>

        <listitem><para>
Third item here.
        </para></listitem>
      </itemizedlist>
    </listitem>

    <listitem>
      <para><bold>Version 1.xx.0</bold>:
Summary of release goes here.

        <itemizedlist spacing="compact">
          <listitem><para>
First item here.
          </para></listitem>

          <listitem><para>
Second item here.
          </para></listitem>

          <listitem><para>
Third item here.
          </para></listitem>
        </itemizedlist>
      </para>
    </listitem>
  </itemizedlist>
</section>

