<?xml version="1.0" encoding="utf-8"?>
<!DOCTYPE library PUBLIC "-//Boost//DTD BoostBook XML V1.0//EN"
  "http://www.boost.org/tools/boostbook/dtd/boostbook.dtd">

<library-reference id="units.reference"
                   last-revision="$Date: Thu Aug  3 10:51:59 MDT 2006$">

<!--                                                                 -->

  <para>
The Boost Units library employs a fine-grained header inclusion policy.
This generally means that each entity is defined in its own header file.
Include the header file <code>&lt;boost/units.hpp&gt;</code> to include
all header files in the Boost Units library.
  </para>
  <section id="units.definitions">
    <title>Definitions</title>
    <para>
      <itemizedlist>
        <listitem>
An <emphasis>interdimensional quantity</emphasis> is a quantity that has
the same dimensions as its operands.
        </listitem>
        <listitem>
An <emphasis>extradimensional quantity</emphasis> is a quantity that has
different dimensions from that of its operands.
        </listitem>
      </itemizedlist>
    </para>
  </section>

  <header name="boost/units/base_dimension.hpp">
    <namespace name="boost">
      <namespace name="units">

<class name="length">
  <template>
    <template-nontype-parameter name="Exponent">
      <type>int</type>
    </template-nontype-parameter>
  </template>

  <purpose>
    The physical base dimension of length.
  </purpose>
  <description><para>
Class template <classname>length</classname> represents the physical
base dimension of length.
  </para></description>

  <static-constant name="exponent">
    <type>int</type>
    <default>Exponent</default>
  </static-constant>
</class> <!-- length -->

<class name="mass">
  <template>
    <template-nontype-parameter name="Exponent">
      <type>int</type>
    </template-nontype-parameter>
  </template>

  <purpose>
    The physical base dimension of mass.
  </purpose>
  <description><para>
Class template <classname>mass</classname> represents the physical base
dimension of mass.
  </para></description>

  <static-constant name="exponent">
    <type>int</type>
    <default>Exponent</default>
  </static-constant>
</class> <!-- mass -->

<class name="time">
  <template>
    <template-nontype-parameter name="Exponent">
      <type>int</type>
    </template-nontype-parameter>
  </template>
    
  <purpose>
    The physical base dimension of time.
  </purpose>
  <description><para>
Class template <classname>time</classname> represents the physical base
dimension of time.
  </para></description>

  <static-constant name="exponent">
    <type>int</type>
    <default>Exponent</default>
  </static-constant>
</class> <!-- time -->

<class name="temperature">
  <template>
    <template-nontype-parameter name="Exponent">
      <type>int</type>
    </template-nontype-parameter>
  </template>
    
  <purpose>
    The physical base dimension of thermodynamic temperature.
  </purpose>
  <description><para>
Class template <classname>temperature</classname> represents the
physical base dimension of thermodynamic temperature.
  </para></description>

  <static-constant name="exponent">
    <type>int</type>
    <default>Exponent</default>
  </static-constant>
</class> <!-- temperature -->

<class name="electricity">
  <template>
    <template-nontype-parameter name="Exponent">
      <type>int</type>
    </template-nontype-parameter>
  </template>
    
  <purpose>
    The physical base dimension of electric current.
  </purpose>
  <description><para>
Class template <classname>electricity</classname> represents the
physical base dimension of electric current.
  </para></description>

  <static-constant name="exponent">
    <type>int</type>
    <default>Exponent</default>
  </static-constant>
</class> <!-- electricity -->

<class name="substance">
  <template>
    <template-nontype-parameter name="Exponent">
      <type>int</type>
    </template-nontype-parameter>
  </template>
    
  <purpose>
    The physical base dimension of amount of a substance.
  </purpose>
  <description><para>
Class template <classname>substance</classname> represents the physical
base dimension of amount of a subtance.
  </para></description>

  <static-constant name="exponent">
    <type>int</type>
    <default>Exponent</default>
  </static-constant>
</class> <!-- substance -->

<class name="luminosity">
  <template>
    <template-nontype-parameter name="Exponent">
      <type>int</type>
    </template-nontype-parameter>
  </template>
    
  <purpose>
    The physical base dimension of luminous intensity.
  </purpose>
  <description><para>
Class template <classname>luminosity</classname> represents the physical
base dimension of luminous intensity.
  </para></description>

  <static-constant name="exponent">
    <type>int</type>
    <default>Exponent</default>
  </static-constant>
</class> <!-- luminosity -->

<class name="angle">
  <template>
    <template-nontype-parameter name="Exponent">
      <type>int</type>
    </template-nontype-parameter>
  </template>
   
  <purpose>
    The geometric base dimension of planar angle.
  </purpose>
  <description><para>
Class template <classname>angle</classname> represents the geometric base
dimension of planar angle.
  </para></description>

  <static-constant name="exponent">
    <type>int</type>
    <default>Exponent</default>
  </static-constant>
</class> <!-- angle -->

      <para>
Each dimension has a corresonding header file that includes all base
units of that dimension.  Include the header file
<code>&lt;boost/units/<emphasis>dimension</emphasis>_unit.hpp&gt;</code>
where <emphasis>dimension</emphasis> is the name of the dimension.
      </para>
      </namespace>
    </namespace>
  </header>

  <header name="boost/units/dimension.hpp">
    <namespace name="boost">
      <namespace name="units">

<class name="dimension">
  <template>
    <template-type-parameter name="BaseDimension1"/>
    <template-type-parameter name="BaseDimension2"/>
    <template-varargs/>
    <template-type-parameter name="BaseDimensionN"/>
  </template>

  <purpose>
    A sequence of base dimensions.
  </purpose>

  <description>
    <para>
Class template <classname>dimension</classname> is a <ulink
url="http://www.boost.org/libs/mpl/doc/refmanual/variadic-sequence.html">variadic</ulink>,
<ulink
url="http://www.boost.org/libs/mpl/doc/refmanual/random-access-sequence.html">random-access</ulink>,
and <ulink
url="http://www.boost.org/libs/mpl/doc/refmanual/extensible-sequence.html">extensible</ulink>
sequence of base dimension types.  In addition to the expressions and
semantics of the class template <ulink
url="http://www.boost.org/libs/mpl/doc/refmanual/vector.html">vector</ulink>,
the valid expressions in the table below also have the semantics shown.
    </para>

    <informaltable>
      <tgroup cols="2" align="left">
        <thead>
          <row>
            <entry>Expression</entry>
            <entry>Semantics</entry>
          </row>
        </thead>
        <tbody>
          <row>
            <entry>
              <itemizedlist spacing="compact">
                <listitem>TBD</listitem>
                <listitem>TBD</listitem>
              </itemizedlist>
            </entry>
            <entry>
              <itemizedlist spacing="compact">
                <listitem>TBD</listitem>
                <listitem>TBD</listitem>
              </itemizedlist>
            </entry>
          </row>
        </tbody>
      </tgroup>
    </informaltable>
  </description>
</class> <!-- dimension -->

      </namespace>
    </namespace>
  </header>
  <header name="boost/units/derived_dimension.hpp">
    <namespace name="boost">
      <namespace name="units">

<typedef name="area">
  <type>
dimension &lt; length&lt;2&gt; &gt;
  </type>
  <purpose>The derived dimension of surface area.</purpose>
  <description>
    <para>
    </para>
  </description>
</typedef> <!-- area -->

<typedef name="volume">
  <type>
dimension &lt; length&lt;3&gt; &gt;
  </type>
  <purpose>The derived dimension of volume.</purpose>
  <description>
    <para>
    </para>
  </description>
</typedef> <!-- volume -->

<typedef name="velocity">
  <type>
dimension &lt; length&lt;&gt;, time&lt;-1&gt; &gt;
  </type>
  <purpose>The derived dimension of velocity.</purpose>
  <description>
    <para>
    </para>
  </description>
</typedef> <!-- velocity -->

<typedef name="acceleration">
  <type>
dimension &lt; length&lt;&gt;, time&lt;-2&gt; &gt;
  </type>
  <purpose>The derived dimension of acceleration.</purpose>
  <description>
    <para>
    </para>
  </description>
</typedef> <!-- acceleration -->

<typedef name="density">
  <type>
dimension &lt; length&lt;3&gt;, mass&lt;&gt; &gt;
  </type>
  <purpose>The derived dimension of density.</purpose>
  <description>
    <para>
    </para>
  </description>
</typedef> <!-- density -->

<typedef name="force">
  <type>
dimension &lt; length&lt;&gt;, mass&lt;&gt;, time&lt;-2&gt; &gt;
  </type>
  <purpose>The derived dimension of force.</purpose>
  <description>
    <para>
    </para>
  </description>
</typedef> <!-- force -->

<typedef name="work">
  <type>
dimension &lt; length&lt;2>, mass&lt;&gt;, time&lt;-2&gt; &gt;
  </type>
  <purpose>The derived dimension of work.</purpose>
  <description>
    <para>
    </para>
  </description>
</typedef> <!-- work -->

<typedef name="power">
  <type>
dimension &lt; length&lt;2>, mass&lt;&gt;, time&lt;-3&gt; &gt;
  </type>
  <purpose>The derived dimension of power.</purpose>
  <description>
    <para>
    </para>
  </description>
</typedef> <!-- power -->

      </namespace>
    </namespace>
  </header>
  <header name="boost/units/unit.hpp">
    <namespace name="boost">
      <namespace name="units">

<class name="unit">
  <template>
    <template-type-parameter name="BaseUnit1"/>
    <template-type-parameter name="BaseUnit2"/>
    <template-varargs/>
    <template-type-parameter name="BaseUnitN"/>
  </template>

  <purpose>
    A sequence of base units.
  </purpose>

  <description>
    <para>
Class template <classname>unit</classname> is a <ulink
url="http://www.boost.org/libs/mpl/doc/refmanual/variadic-sequence.html">variadic</ulink>,
<ulink
url="http://www.boost.org/libs/mpl/doc/refmanual/random-access-sequence.html">random-access</ulink>,
and <ulink
url="http://www.boost.org/libs/mpl/doc/refmanual/extensible-sequence.html">extensible</ulink>
sequence of base unit types.  In addition to the expressions and
semantics of the class template <ulink
url="http://www.boost.org/libs/mpl/doc/refmanual/vector.html">vector</ulink>,
the valid expressions in the table below also have the semantics shown.
    </para>

    <informaltable>
      <tgroup cols="2" align="left">
        <thead>
          <row>
            <entry>Expression</entry>
            <entry>Semantics</entry>
          </row>
        </thead>
        <tbody>
          <row>
            <entry>
              <itemizedlist spacing="compact">
                <listitem>TBD</listitem>
                <listitem>TBD</listitem>
              </itemizedlist>
            </entry>
            <entry>
              <itemizedlist spacing="compact">
                <listitem>TBD</listitem>
                <listitem>TBD</listitem>
              </itemizedlist>
            </entry>
          </row>
        </tbody>
      </tgroup>
    </informaltable>
  </description>
</class> <!-- unit -->

      </namespace>
    </namespace>
  </header>
  <header name="boost/units/length_unit.hpp">
    <namespace name="boost">
      <namespace name="units">
<class name="meter">
  <template>
    <template-nontype-parameter name="Exponent">
      <type>int</type>
    </template-nontype-parameter>
  </template>
  <static-constant name="exponent">
    <type>int</type>
    <default>Exponent</default>
  </static-constant>
</class> <!-- meter -->
<typedef name="meters">
  <type>
measure &lt; unit &lt; meter&lt;&gt; &gt; &gt;
  </type>
</typedef> <!-- meters -->
<class name="foot">
  <template>
    <template-nontype-parameter name="Exponent">
      <type>int</type>
    </template-nontype-parameter>
  </template>
  <static-constant name="exponent">
    <type>int</type>
    <default>Exponent</default>
  </static-constant>
</class> <!-- foot -->
<typedef name="feet">
  <type>
measure &lt; unit &lt; foot&lt;&gt; &gt; &gt;
  </type>
</typedef> <!-- feet -->
...
      </namespace>
    </namespace>
  </header>
  <header name="boost/units/mass_unit.hpp">
    <namespace name="boost">
      <namespace name="units">
<class name="gram">
  <template>
    <template-nontype-parameter name="Exponent">
      <type>int</type>
    </template-nontype-parameter>
  </template>
  <static-constant name="exponent">
    <type>int</type>
    <default>Exponent</default>
  </static-constant>
</class> <!-- gram -->
<typedef name="grams">
  <type>
measure &lt; unit &lt; gram&lt;&gt; &gt; &gt;
  </type>
</typedef> <!-- feet -->
<class name="pound">
  <template>
    <template-nontype-parameter name="Exponent">
      <type>int</type>
    </template-nontype-parameter>
  </template>
  <static-constant name="exponent">
    <type>int</type>
    <default>Exponent</default>
  </static-constant>
</class> <!-- pound -->
<typedef name="pounds">
  <type>
measure &lt; unit &lt; pounds&lt;&gt; &gt; &gt;
  </type>
</typedef> <!-- feet -->
...
      </namespace>
    </namespace>
  </header>
  <header name="boost/units/time_unit.hpp">
    <namespace name="boost">
      <namespace name="units">
<class name="second">
  <template>
    <template-nontype-parameter name="Exponent">
      <type>int</type>
    </template-nontype-parameter>
  </template>
  <static-constant name="exponent">
    <type>int</type>
    <default>Exponent</default>
  </static-constant>
</class> <!-- second -->
<typedef name="seconds">
  <type>
measure &lt; unit &lt; second&lt;&gt; &gt; &gt;
  </type>
</typedef> <!-- seconds -->
<class name="minute">
  <template>
    <template-nontype-parameter name="Exponent">
      <type>int</type>
    </template-nontype-parameter>
  </template>
  <static-constant name="exponent">
    <type>int</type>
    <default>Exponent</default>
  </static-constant>
</class> <!-- minute -->
<typedef name="minutes">
  <type>
measure &lt; unit &lt; minute&lt;&gt; &gt; &gt;
  </type>
</typedef> <!-- minutes -->
... 
      </namespace>
    </namespace>
  </header>
  <header name="boost/units/angle_unit.hpp">
    <namespace name="boost">
      <namespace name="units">
<class name="radian">
  <template>
    <template-nontype-parameter name="Exponent">
      <type>int</type>
    </template-nontype-parameter>
  </template>
  <static-constant name="exponent">
    <type>int</type>
    <default>Exponent</default>
  </static-constant>
</class> <!-- radian -->
<typedef name="radians">
  <type>
measure &lt; unit &lt; radians&lt;&gt; &gt; &gt;
  </type>
</typedef> <!-- radians -->
<class name="grad">
  <template>
    <template-nontype-parameter name="Exponent">
      <type>int</type>
    </template-nontype-parameter>
  </template>
  <static-constant name="exponent">
    <type>int</type>
    <default>Exponent</default>
  </static-constant>
</class> <!-- grad -->
<typedef name="grads">
  <type>
measure &lt; unit &lt; grad&lt;&gt; &gt; &gt;
  </type>
</typedef> <!-- grads -->
... 
      </namespace>
    </namespace>
  </header>
  <header name="boost/units/derived_unit.hpp">
    <namespace name="boost">
      <namespace name="units">

<typedef name="coulomb">
  <type>
unit &lt; second&lt;&gt;, ampere&lt;&gt; &gt;
  </type>
  <purpose>A coulomb is a derived unit of electromagnetism.</purpose>
</typedef>
<typedef name="farad">
  <type>
unit &lt; meter&lt;-2&gt;, kilogram&lt;-1&gt;, second&lt;3&gt;,
          ampere&lt;2&gt; &gt;
  </type>
  <purpose>A farad is a derived unit of electromagnetism.</purpose>
</typedef>
<typedef name="henry">
  <type>
unit &lt; meter&lt;2&gt;, kilogram&lt;&gt;, second&lt;-2&gt;,
          ampere&lt;-2&gt; &gt;
  </type>
  <purpose>A henry is a derived unit of electromagnetism.</purpose>
</typedef>
<typedef name="joule">
  <type>
unit &lt; meter&lt;2&gt;, kilogram&lt;&gt;, second&lt;-2&gt;,
  </type>
  <purpose>A joule is a derived unit of power and energy.</purpose>
</typedef>
<typedef name="newton">
  <type>
unit &lt; meter&lt;&gt;, kilogram&lt;&gt;, second&lt;-2&gt;,
  </type>
  <purpose>A newton is a derived unit of power and energy.</purpose>
</typedef>
<typedef name="ohm">
  <type>
unit &lt; meter&lt;2&gt;, kilogram&lt;&gt;, second&lt;-3&gt;,
          ampere&lt;-2&gt; &gt;
  </type>
  <purpose>An ohm is a derived unit of electromagnetism.</purpose>
</typedef>
<typedef name="tesla">
  <type>
unit &lt; kilogram&lt;&gt;, second&lt;-2&gt;, ampere&lt;-1&gt; &gt;
  </type>
  <purpose>A tesla is a derived unit of electromagnetism.</purpose>
</typedef>
<typedef name="volt">
  <type>
unit &lt; meter&lt;2&gt;, kilogram&lt;&gt;, second&lt;-3&gt;,
          ampere&lt;-1&gt; &gt;
  </type>
  <purpose>A volt is a derived unit of electromagnetism.</purpose>
</typedef>
<typedef name="watt">
  <type>
unit &lt; meter&lt;2&gt;, kilogram&lt;&gt;, second&lt;-3&gt; &gt;
  </type>
  <purpose>A watt is a derived unit of power and energy.</purpose>
</typedef>

      </namespace>
    </namespace>
  </header>
  <header name="boost/units/quantity.hpp">
    <namespace name="boost">
      <namespace name="units">

<class name="quantity">
  <template>
    <template-type-parameter name="DimensionType"/>
    <template-type-parameter name="ValueType">
      <default><emphasis>arithmetic-type</emphasis></default>
    </template-type-parameter>
  </template>
  <purpose>
    A quantity of a particular dimension.
  </purpose>
  <description>
    <para>
The class template <code>quantity</code> associates an arithmetic value
with a particular dimension.  The type of the arithmetic value is given
by the template parameter <code>ValueType</code>.  This type must be an
arithmetic type.  The default <code>ValueType</code> is
implementation-defined.  The dimension of the quantity is specified by
the template parameter <code>DimensionType</code>.  This type must be a
<classname>dimension</classname> sequence.
    </para>
  </description>

<!-- <para>
The class template <code>quantity</code> also defines the
"interdimensional" operations that can be performed on objects of this
class.
    </para> -->

  <typedef name="value_type"><type>ValueType</type></typedef>
  <typedef name="dimension_type"><type>DimensionType</type></typedef>

    <constructor id="default-constructor">
      <notes><simpara>
Because the value of a quantity can not be directly initialized or
accessed, the default constructor may initialize the value of the
quantity to zero or it may leave the value uninitialized depending on
the efficiency requirements of the implementation.
      </simpara></notes>
    </constructor>
    <constructor id="copy-constructor">
      <parameter name="q">
        <paramtype>const <classname>quantity</classname>&amp;</paramtype>
      </parameter>
      <postconditions><code>*this == q</code></postconditions>
    </constructor>
    <copy-assignment>
      <parameter name="rhs">
        <paramtype>const <classname>quantity</classname>&amp;</paramtype>
      </parameter>
    </copy-assignment>
    <constructor id="extradimensional-constructor">
      <template>
        <template-type-parameter name="DimensionType2">
          <type>class</type>
        </template-type-parameter>
      </template>
      <parameter name="q">
        <paramtype>const <classname>quantity</classname>
&lt; DimensionType2, ValueType &gt;&amp;</paramtype>
      </parameter>
      <postconditions><code>*this == q</code></postconditions>
      <notes><simpara>
This constructor will cause a compile-error if the dimensions of the
argument are not <emphasis>eqivalent</emphasis> to the dimensions of
<code>*this</code>.
      </simpara></notes>
    </constructor>

  <method-group name="comparison">
    <method name="operator&lt;" cv="const">
      <parameter name="rhs">
        <paramtype>const <classname>quantity</classname>&amp;</paramtype>
      </parameter>
      <type>bool</type>
      <returns><simpara>
True if the value of <code>*this</code> is semantically less than the
value of <code>rhs</code>.
      </simpara></returns>
      <notes><simpara>
The semantics of this operator are dependent on the semantics of the
template parameter <code>ValueType</code>.
      </simpara></notes>
    </method>
    <method name="operator==" cv="const">
      <parameter name="rhs">
        <paramtype>const <classname>quantity</classname>&amp;</paramtype>
      </parameter>
      <type>bool</type>
      <returns><simpara>
True if the value of <code>*this</code> is semantically equal to the
value of <code>rhs</code>.
      </simpara></returns>
      <notes><simpara>
The semantics of this operator are dependent on the semantics of the
template parameter <code>ValueType</code>.
      </simpara></notes>
    </method>
  </method-group>

  <method-group name="arithmetic">
    <method name="operator+" cv="const">
      <type>quantity</type>
      <returns>Same value as <code>*this</code>.</returns>
    </method>
    <method name="operator-" cv="const">
      <type>value_type</type>
      <returns>Opposite value of <code>*this</code>.</returns>
    </method>

    <method name="operator*" cv="const">
      <purpose>Scalar multiplication.</purpose>
      <parameter name="rhs">
        <paramtype>const value_type&amp;</paramtype>
      </parameter>
      <type>quantity</type>
      <returns><simpara>
A quantity whose value is the value of <code>*this</code> multiplied
by <code>rhs</code>.
      </simpara></returns>
    </method>
    <method name="operator*" cv="const">
      <purpose>Interdimensional and extradimensional multiplication.</purpose>
      <template>
        <template-type-parameter name="DimensionType2">
          <type>class</type>
        </template-type-parameter>
      </template>
      <parameter name="q">
        <paramtype>const <classname>quantity</classname>
&lt; DimensionType2, ValueType &gt;&amp;</paramtype>
      </parameter>
      <type><classname>quantity</classname> &lt;
<emphasis>add-DimensionType-to-DimensionType2</emphasis>, ValueType &gt;</type>
      <returns><simpara>
A quantity whose value is the value of <code>*this</code> multiplied
by <code>rhs</code> <emphasis>and</emphasis> whose dimension is the
result of adding (the exponents of) the dimension of <code>*this</code>
to the dimension of <code>q</code>.
      </simpara></returns>
    </method>
    <method name="operator/" cv="const">
      <purpose>Scalar division.</purpose>
      <parameter name="rhs">
        <paramtype>const value_type&amp;</paramtype>
      </parameter>
      <type>quantity</type>
      <returns><simpara>
A quantity whose value is the value of <code>*this</code> divided
by <code>rhs</code>.
      </simpara></returns>
    </method>
    <method name="operator/" cv="const">
      <purpose>Interdimensional division.</purpose>
      <parameter name="rhs">
        <paramtype>const <classname>quantity</classname>&amp;</paramtype>
      </parameter>
      <type>value_type</type>
      <returns><simpara>
The result of dividing the value of <code>*this</code> by the
value of <code>rhs</code>.
      </simpara></returns>
    </method>
    <method name="operator+" cv="const">
      <purpose>Interdimensional addition.</purpose>
      <parameter name="rhs">
        <paramtype>const <classname>quantity</classname>&amp;</paramtype>
      </parameter>
      <type>quantity</type>
      <returns><simpara>
A quantity whose value is the value of <code>*this</code> added to the
value of <code>rhs</code>.
      </simpara></returns>
    </method>
    <method name="operator-" cv="const">
      <purpose>Interdimensional subtraction.</purpose>
      <parameter name="rhs">
        <paramtype>const <classname>quantity</classname>&amp;</paramtype>
      </parameter>
      <type>quantity</type>
      <returns><simpara>
A quantity whose value is the value of <code>*this</code> subtracted from
the value of <code>rhs</code>.
      </simpara></returns>
    </method>
  </method-group>
<!--
  <method-group name="assignment">
  </method-group>
-->
</class> <!-- quantity -->

      </namespace>
    </namespace>
  </header>
  <header name="boost/units/measure.hpp">
    <namespace name="boost">
      <namespace name="units">

<class name="measure">
  <template>
    <template-type-parameter name="UnitType"/>
    <template-type-parameter name="ValueType">
      <default><emphasis>arithmetic-type</emphasis></default>
    </template-type-parameter>
  </template>
  <inherit access="public"><classname>quantity</classname> &lt;
<emphasis>dimension-of-UnitType</emphasis>, ValueType &gt;
  </inherit>

  <purpose>
    A measure of the specified unit.
  </purpose>
  <description>
    <simpara>
The class template <code>measure</code> is a quantity associated with a
particular unit.  The value type of the measure is given by the template
parameter <code>ValueType</code>.  This type must be an arithmetic type
and it is implementation-defined by default.  The unit of the measure is
specified by the template parameter <code>UnitType</code>.  This type
must be a <classname>unit</classname> sequence.
    </simpara>
    <simpara>
The class template <code>measure</code> is derived from the class
template <classname>quantity</classname> with the dimension of
<code>UnitType</code> (as determined by the dimensional analysis
framework) and the same <code>ValueType</code> as template parameters.
    </simpara>
  </description>

  <typedef name="unit_type"><type>UnitType</type></typedef>
  <typedef name="dimension_type">
    <type><emphasis>dimension-of-UnitType</emphasis></type>
  </typedef>
  <typedef name="quantity_type">
    <type><classname>quantity</classname> &lt; dimension_type, ValueType &gt;</type>
  </typedef>
  <typedef name="value_type"><type>ValueType</type></typedef>

</class> <!-- measure -->

      </namespace>
    </namespace>
  </header>
</library-reference>

