<?xml version="1.0" encoding="utf-8"?>
<!DOCTYPE library PUBLIC "-//Boost//DTD BoostBook XML V1.0//EN"
          "http://www.boost.org/tools/boostbook/dtd/boostbook.dtd">
<section xmlns:xi="http://www.w3.org/2001/XInclude" id="units.tutorial"
         last-revision="$Date: Wed Aug  2 12:39:25 MDT 2006$">
  <title>Tutorial</title>

  <using-namespace name="boost"/>
  <using-namespace name="units"/>

  <para>
The <libraryname>Units</libraryname> library is conceptually
divided into two parts: the
dimensional analysis framework (the compile-time part) and the unit
measurement interfaces (the run-time part).  The
dimensional analysis framework allows programmers to extend the library
with user-defined dimensions and units while the unit measurement
interfaces provides the object classes and arithmetic operations that
are most often used by programmers.
  </para>

  <section>
    <title>Dimensional Analysis Framework</title>
    <para>
The dimensional analysis framework consists of several template classes
and metafunctions, most of which act "under the hood".  They are heavily
based on C++ metaprogramming concepts.  A few of these template classes
are especially important to Boost Units programmers.  These include base
dimensions, dimension sequences, derived dimensions, base units, unit
sequences, and derived units.  Base dimensions, dimension sequences, and
derived dimensions are counterparts to base units, unit sequences, and
derived units respectively.  
    </para>

    <section>
      <title>Base Dimensions</title>
      <para>
A base dimension is a discrete aspect of something that can be measured.
Some examples of base dimensions are length, mass, angle, or monetary
value.  A base dimension has an exponent which is an integer constant
that has a default value of 1.  A base dimension with an exponent of 2
is a squared dimension, 3 is a cubed dimension, and so on.  Similarly,
an exponent of 0 is "dimensionless" and -1 would be an inverse dimension.
      </para>
    </section>

    <section>
      <title>International System of Units (SI)</title>
      <para>
In the International System of Units (or SI for short), there are seven
base dimensions of physical measurement.
      </para>

      <itemizedlist spacing="compact">
	<listitem>length</listitem>
	<listitem>mass</listitem>
	<listitem>time</listitem>
	<listitem>thermal temperature</listitem>
	<listitem>electric current</listitem>
	<listitem>amount of substance</listitem>
	<listitem>luminous intensity</listitem>
      </itemizedlist>

      <para>
In the <libraryname>Units</libraryname> library, these base
dimensions are summarized as follows.
      </para>

<programlisting>
namespace boost {
  namespace units {
    template &lt; int Exponent = 1 &gt;
    struct length;
    template &lt; int Exponent = 1 &gt;
    struct mass;
    template &lt; int Exponent = 1 &gt;
    struct time;
    template &lt; int Exponent = 1 &gt;
    struct temperature;
    template &lt; int Exponent = 1 &gt;
    struct electricity;
    template &lt; int Exponent = 1 &gt;
    struct substance;
    template &lt; int Exponent = 1 &gt;
    struct luminosity;
  }
}
</programlisting>

      <para>
Note that these names are nothing but types.  There is absolutely no
run-time data associated with them whatsoever.  Even the exponent is
simply a compile-time constant used by the compiler at compile-time.
<!--
Also it should be worth noting that while <code>length&lt;&gt;</code>
and <code>length&lt;1&gt;</code> are the same C++ type,
<code>length&lt;&gt;</code> and <code>length&lt;N&gt;</code>, where
<code>N != 1</code>, are not the same C++ type.
-->
      </para>
      <para>
Each base dimension has only one member that holds the exponent.
      </para>

<programlisting>
template &lt; int Exponent = 1 >
struct length {
  typedef T exponent;
};
</programlisting>

      <para>
In the definition of length shown above, <code>T</code> is a type that
models the <ulink
url="http://www.boost.org/libs/mpl/doc/refmanual/integral-constant.html">Integral
Constant</ulink> concept as defined by the <ulink
url="http://www.boost.org/libs/mpl/doc/index.html">Boost MPL
Library</ulink>.
      </para>

      <note>
In the previous example, the namespace scopes are omitted and will be
ommitted for brevity in all following examples.  Unless specified
otherwise, all names defined in the <libraryname>Units</libraryname>
library are assumed to be enclosed in the <code>boost::units</code>
namespace.
      </note>
    </section>

    <section>
      <title>Dimension Sequences</title>
      <para>
Base dimensions can be combined into type sequences to form dimension
sequences.  A dimension sequence is a type sequence of zero or more base
dimensions that models the <ulink
url="../../../libs/mpl/doc/refmanual/concepts.html">Variadic, Random
Access, and Extensible concepts</ulink> from the Boost MPL Library.
Unlike Boost MPL sequences however, elements of a dimension sequence are
restricted to base dimension types only.  A summary of the class
template <classname>dimension</classname> is shown below.
      </para>

<programlisting>
template &lt;
  class BaseDimension1,
  ...
  class BaseDimensionN
&gt; struct dimension;
</programlisting>

      <para>
In the pseudo-code shown above, N is an implementation-defined limit.
      </para>
    </section>

    <section>
      <title>Derived Dimensions</title>
      <para>
Certain sequences of base dimensions are referred to by a particular
name.  These names are known as derived dimensions.  (Strictly speaking,
any sequence of one or more base dimensions is a derived dimension but,
to distinguish derived dimensions from arbitrary dimension sequences,
only named dimension sequences are defined as derived dimensions in the
<libraryname>Units</libraryname> library.)
      </para>

      <para>
The SI system identifies several derived dimensions a few of which are
shown in the following list.
      </para>

      <itemizedlist spacing="compact">
	<listitem>area</listitem>
	<listitem>volume</listitem>
	<listitem>velocity</listitem>
	<listitem>acceleration</listitem>
	<listitem>density</listitem>
	<listitem>force</listitem>
	<listitem>work</listitem>
	<listitem>power</listitem>
      </itemizedlist>

      <para>
In the <libraryname>Units</libraryname> library, these derived
dimensions translate into the following type definitions.
      </para>

<programlisting>
typedef dimension &lt; length&lt;2&gt; &gt; area;
typedef dimension &lt; length&lt;3&gt; &gt; volume;

typedef dimension &lt; length&lt;&gt;, time&lt;-1&gt; &gt; velocity;
typedef dimension &lt; length&lt;&gt;, time&lt;-2&gt; &gt; acceleration;
typedef dimension &lt; length&lt;3&gt;, mass&lt;&gt; &gt; density;

typedef dimension &lt; length&lt;&gt;, mass&lt;&gt;, time&lt;-2&gt; &gt; force;
typedef dimension &lt; length&lt;2&gt;, mass&lt;&gt;, time&lt;-2&gt; &gt; work;
typedef dimension &lt; length&lt;2&gt;, mass&lt;&gt;, time&lt;-3&gt; &gt; power;
</programlisting>

      <para>
There are two things worth noting in the type definitions above.  First,
not all base dimensions need be specified in the dimension sequence.
(The omitted base dimensions would have an exponent of 0).  Second, the
base dimensions can be listed in any order.  The dimensional analysis
framework will normalize the dimension sequence as needed.
      </para>
    </section>

    <section>
      <title>Base Units</title>
      <para>
For each base dimension, there are one or more corresponding base units.
The SI base units of the physical dimensions are shown in the list
below.
      </para>

      <informaltable>
        <tgroup cols="2" align="left">
          <thead>
            <row>
              <entry>Base Dimension</entry>
              <entry>Base Unit</entry>
            </row>
          </thead>
          <tbody>
            <row>
              <entry>
                <itemizedlist spacing="compact">
	          <listitem>length</listitem>
	          <listitem>mass</listitem>
	          <listitem>time</listitem>
	          <listitem>temperature</listitem>
	          <listitem>electricity</listitem>
	          <listitem>substance</listitem>
	          <listitem>luminosity</listitem>
                </itemizedlist>
              </entry>
              <entry>
                <itemizedlist spacing="compact">
	          <listitem>meter</listitem>
	          <listitem>kilogram</listitem>
	          <listitem>second</listitem>
	          <listitem>kelvin</listitem>
	          <listitem>ampere</listitem>
	          <listitem>mole</listitem>
	          <listitem>candela</listitem>
                </itemizedlist>
              </entry>
            </row>
          </tbody>
        </tgroup>
      </informaltable>

      <para>
Of course, these are not the only base units defined by the
<libraryname>Units</libraryname> library.  Each base dimension can have
several such base units associated with it.
      </para>
      <para>
In the <libraryname>Units</libraryname> library, the base units listed
above are summarized as follows.
      </para>

<programlisting>
template &lt; int Exponent = 1 &gt;
struct meter;
template &lt; int Exponent = 1 &gt;
struct kilogram;
template &lt; int Exponent = 1 &gt;
struct second;
template &lt; int Exponent = 1 &gt;
struct kelvin;
template &lt; int Exponent = 1 &gt;
struct ampere;
template &lt; int Exponent = 1 &gt;
struct mole;
template &lt; int Exponent = 1 &gt;
struct candela;
</programlisting>

    </section>

    <section>
      <title>Unit Sequences</title>
      <para>
Just like dimension sequences, base units can be combined into unit
sequences.  A unit sequence is a sequence of zero or more base units.
      </para>
      <para>
For example, the type definition of the unit sequence shown below
defines the rate of change in Celsius temperature.
      </para>
<programlisting>
typedef unit &lt; celsius&lt;&gt;, seconds&lt;-2&gt; &gt; rate_of_celsius_change;
</programlisting>
    </section>

    <section>
      <title>Derived Units</title>
      <para>
As with derived dimensions, certain unit sequences have a particular
name.  A few of the SI derived units are listed below.
      </para>

      <informaltable>
        <tgroup cols="2" align="left">
          <thead>
            <row>
              <entry>Derived Dimension</entry>
              <entry>Derived Unit</entry>
            </row>
          </thead>
          <tbody>
            <row>
              <entry>
                <itemizedlist spacing="compact">
                  <listitem>force</listitem>
                  <listitem>work</listitem>
                  <listitem>power</listitem>
                </itemizedlist>
              </entry>
              <entry>
                <itemizedlist spacing="compact">
                  <listitem>newton</listitem>
                  <listitem>joule</listitem>
                  <listitem>watt</listitem>
                </itemizedlist>
              </entry>
            </row>
          </tbody>
        </tgroup>
      </informaltable>

      <para>
In the <libraryname>Units</libraryname> library, these derived
units are defined as follows.
      </para>

<programlisting>
typedef unit &lt; meter&lt;>, kilogram&lt;>, second&lt;-2> > newton;
typedef unit &lt; meter&lt;2>, kilogram&lt;>, second&lt;-2> > joule;
typedef unit &lt; meter&lt;2>, kilogram&lt;>, second&lt;-3> > watt;
</programlisting>

    </section>
  </section>

  <section>
    <title>Unit Measurement Interfaces</title>
    <para>
Up to this point, we've dealt only with compile-time types and
metafunctions of the dimensional analysis framework.  The unit
measurement interfaces provide the run-time objects and operations for
working with "unitless" quantities and unit measures.
    </para>

    <section>
      <title>Quantities</title>
      <para>
A quantity is an arithmetic value that is associated with a specific
dimension but <emphasis>without</emphasis> a specific unit.
Consequently, the value of a quantity can not be directly assigned nor
accessed without first providing the appropriate context by converting
the quantity into a compatible measure.  (Measures are discussed later.)
      </para>
      <para>
A quantity can however be used in arithmetic operations just like any
other measure or arithmetic value.  Quantities are therefore very useful
in environments where intense calculations and numerous conversions
between many different units can be inefficient and often problematic.  
      </para>
      <para>
In the Units library, quantities are represented by the
<code>quantity</code> class template.
      </para>

<programlisting>
template &lt;
  class DimensionType,
  typename ValueType = <emphasis>arithmetic-type</emphasis>
> struct quantity;
</programlisting>

      <para>
The <code>ValueType</code> parameter must be an arithmetic type.  The
default <code>ValueType</code> is implementation-defined.  The
<code>DimensionType</code> parameter must be a dimension sequence.
      </para>
      <para>
The "interdimensional" operations of the
<classname>quantity</classname> class are performed on quantities
that have <emphasis>and result in</emphasis> quantities of the same
dimension.  The following program listing shows valid expressions that
utilize the interdimensional operations.
      </para>

<programlisting>
#include &lt;cassert&gt;

template &lt; class D, typename V &gt;
void f (const quantity &lt; D, V &gt;&amp; x) {
  quantity &lt; D, V &gt; y; // default constructor
  quantity &lt; D, V &gt; z (x); // copy constructor
  y = z; // assignment operator

  // comparisons (semantics inherited from ValueType)
  assert (!(x &lt; z)); // less than
  assert (x == z); // equal to

  // arithmetic
  +x, -z; // unary operators
  x * 2, z / 3; // scalar multiplication and division
  V v = x / z; // division
  x + z, x - z; // adddition and subtraction

  // arithmetic assignment
  y *= x, z /= x; // multipication and division
  y += x, z -= x; // addition and subtraction
}
</programlisting>

      <para>
Note that there is no multiplication operator since multiplying two
quantities of the same dimension results in a quantity with a different
dimension.  Operations such as this are "extradimensional" operations.
That is, they accept, or result in, quantities that have different
dimensions.  An expample of the extradimensional operations for
quantities is shown in the program listing below.
      </para>
<programlisting>
typedef quantity &lt; unit &lt; length&lt;&gt; &gt; &gt; ql;
typedef quantity &lt; unit &lt; length&lt;2&gt; &gt; &gt; ql2;
typedef quantity &lt; unit &lt; mass&lt;&gt; &gt; &gt; qm;
typedef quantity &lt; unit &lt; length&lt;2&gt;, mass&lt;-1&gt; &gt; &gt; ql2m_1;

ql2m_1 f (const ql&amp; l, const qm&amp; m) {
  ql2 l2 = l * l; // extradimensional multiplication
  return l2 / m; // extradimensional division
}
</programlisting>
    </section>

    <section>
      <title>A Propulsion Systems Example</title>
      <para>
In propulsion systems for example, Newton's second law of motion is used
to define a force <code>F</code> as the change in the momentum of an
object with a change in time.  The momentum of the object is it's mass
<code>m</code> times it's velocity <code>V</code>.  Given two different
times <code>t</code> and <code>t<subscript>2</subscript></code>, the
force that is generated is given by the equation below.
      </para>

<informalequation>
	F = ((m<subscript>2</subscript> * V<subscript>2</subscript>)
	- (m * V) / (t<subscript>2</subscript> - t)
</informalequation>

      <para>
Using the <libraryname>Units</libraryname> library, we can translate this
formula into the following function.
      </para>

<programlisting>
typedef quantity &lt; unit &lt; mass&lt;&gt; &gt; &gt; mass_quantity;
typedef quantity &lt; unit &lt; time&lt;&gt; &gt; &gt; time_quantity;

struct object {
  mass_quantity m;
  quantity&lt; velocity &gt; V;
};


quantity &lt; force &lt;
thrust (const object&amp; o1, const time_quantity&amp; t1,
        const object&amp; o2, const time_quantity&amp; t2) {
  return ((o2.m * o2.V) - (o1.m * o1.V)) / (t2 - t1);
}
</programlisting>

      <para>
Note that there is absolutely no mention of a particular unit in this
function.  This allows programmers to use the function with measures of
any compatible unit.
      </para>

    </section>

    <section>
      <title>Measures</title>
      <para>
Similar to quantities, a measure is an arithmetic value that is
associated with a unit sequence.  Unlike quantities however, measures
can be constructed directly from arithmetic constants.  An arithmetic
constant can also be assigned directly to the value of a measure and
this value can be accessed directly.  The class template
<classname>measure</classname>
is used to represent measures in the <libraryname>Units</libraryname>
library.  
      </para>
      <para>
All operations that can be performed on quantities also apply to
measures.  In addition, <classname>measure</classname> has
constructors that allow copying and assigning from other values,
compatible quantities and measures; produce quantities from
expressions with measures of different units of the same dimension;
and of course directly alter and access the value of a measure.
      </para>
      <para>
Some examples of the constructors and operators for
<classname>measure</classname> are shown in the following program
listing.
      </para>
<programlisting>
typedef measure &lt; unit &lt; meter&lt;&gt; &gt; &gt; M;
typedef M::quantity_type Q;

void f (const Q&amp; q) {
  M m1; // default constructor
  M m2 (2); // value_type constructor
  M m3 (m2); // copy constructor
  m1 = 1; // value_type assignment
  m3 = m1; // copy assignment
  M m4 (q); // quantity_type constructor
  m3 = q; // quantity_type assignment

  typedef M::value_type V;
  V v1 = m4.value(); // explicit value access

  typedef measure &lt; unit &lt; foot&lt;&gt; &gt; &gt; F;
  F f1 = 1;
  m3 = m1 + m2; // addition of same units results in same measure
  q = m1 + f1; // return value of mixed unit arithmetic is a quantity
  typedef quantity &lt; area &gt; Q2;
  Q2 q2 = m1 * f1; // return value of multiplication has a different dimension
}
</programlisting>
    </section>

    <section>
      <title>Unit Measures</title>
      <para>
For most of the base and derived units, the
<libraryname>Units</libraryname> library provides several "unit measure"
type definitions for convenience.  The conventional name of these type
definitions is the plural form of their unit counterparts.  A few of
these type definitions are shown below.
      </para>
<programlisting>
typedef measure &lt; unit &lt; meter&lt;&gt; &gt; &gt; meters;
typedef measure &lt; unit &lt; kilogram&lt;&gt; &gt; &gt; kilograms;
typedef measure &lt; unit &lt; second&lt;&gt; &gt; &gt; seconds;
typedef measure &lt; unit &lt; kelvin&lt;&gt; &gt; &gt; kelvins;
typedef measure &lt; unit &lt; ampere&lt;&gt; &gt; &gt; amperes;
typedef measure &lt; unit &lt; mole&lt;&gt; &gt; &gt; moles;
typedef measure &lt; unit &lt; candela&lt;&gt; &gt; &gt; candelas;

typedef measure &lt; newton &gt; newtons;
typedef measure &lt; joule &gt; joules;
typedef measure &lt; watt &gt; watts;
</programlisting>
      <para>
These type definitions allows programmers to write more succinct code
as shown by this small C++ function.
      </para>
<programlisting>
joules
f (newtons n, meters m) {
  return n * m;
}
</programlisting>

    </section>
  </section>
</section>

