<?xml version="1.0" encoding="utf-8"?>
<!DOCTYPE library PUBLIC "-//Boost//DTD BoostBook XML V1.0//EN"
  "http://www.boost.org/tools/boostbook/dtd/boostbook.dtd">
<library name="Units" dirname="units" id="units" 
         last-revision="$Date: Wed Aug  2 12:39:25 MDT 2006$" 
         xmlns:xi="http://www.w3.org/2001/XInclude">
<libraryinfo>
  <author>
    <firstname>Eric</firstname>
    <surname>Lemings</surname>
    <email>eric -dot- lemings -at- roguewave.com</email>
  </author>

  <copyright>
    <year>2005</year>
    <year>2006</year>
    <holder>Eric Lemings</holder>
  </copyright>

  <legalnotice>
    <para>Use, modification and distribution is subject to the Boost
    Software License, Version 1.0. (See accompanying file
    <filename>LICENSE_1_0.txt</filename> or copy at <ulink
    url="http://www.boost.org/LICENSE_1_0.txt">http://www.boost.org/LICENSE_1_0.txt</ulink>)</para>
  </legalnotice>

  <librarypurpose>Framework for dimensional analysis and units of measure</librarypurpose>
  <librarycategory name="category:scientific"/>
</libraryinfo>

<title>Boost.Units</title>

<section id="units.intro">
  <title>Introduction</title> 
  <para>
The Boost Units library allows programmers to incorporate concepts from
dimensional analysis and unit measurement -- concepts such as
derived dimensions, "unit-less" quantities, base units, and everyday
measurements -- into their source code.  The library supports, at a
minimum, all dimensions, quantities, and units defined by the <ulink
url="http://physics.nist.gov/cuu/Units/index.html">International System
of Units (SI)</ulink>.
  </para>
  <para>
The Boost Units library is not however limited to SI units and
quantities.  The domain of dimensional analysis can be applied to many
other subjects ranging from economics to recreation.  The Boost Units
library is an extensible framework that also allows programmers to
define new dimensions and units that can be incorporated into the
existing dimensional analysis framework.
  </para>
</section>

  <xi:include href="history.xml"/>
  <xi:include href="tutorial.xml"/>
  <xi:include href="reference.xml"/>
  <xi:include href="faq.xml"/>
  <xi:include href="notes.xml"/>
  <xi:include href="tests.xml"/>

</library>
